date,day_of_week,day_of_month,month,day_of_year,is_weekend,is_festival,day_index,orders,revenue
2024-07-09,1,9,7,191,0,0,0,2,3724.93
2024-07-10,2,10,7,192,0,0,1,1,4101.29
2024-07-11,3,11,7,193,0,0,2,0,3793.58
2024-07-12,4,12,7,194,0,0,3,2,3370.77
2024-07-13,5,13,7,195,1,0,4,5,5817.71
2024-07-14,6,14,7,196,1,0,5,4,4943.13
2024-07-15,0,15,7,197,0,0,6,3,4212.55
2024-07-16,1,16,7,198,0,0,7,2,3327.33
2024-07-17,2,17,7,199,0,0,8,2,3817.12
2024-07-18,3,18,7,200,0,0,9,3,3989.0
2024-07-19,4,19,7,201,0,0,10,3,4011.66
2024-07-20,5,20,7,202,1,0,11,4,5553.26
2024-07-21,6,21,7,203,1,0,12,4,5270.38
2024-07-22,0,22,7,204,0,0,13,4,3596.59
2024-07-23,1,23,7,205,0,0,14,3,3033.71
2024-07-24,2,24,7,206,0,0,15,2,3570.0
2024-07-25,3,25,7,207,0,0,16,1,3898.82
2024-07-26,4,26,7,208,0,0,17,2,3483.25
2024-07-27,5,27,7,209,1,0,18,3,4998.1
2024-07-28,6,28,7,210,1,0,19,6,5919.36
2024-07-29,0,29,7,211,0,0,20,3,3010.15
2024-07-30,1,30,7,212,0,0,21,4,4090.07
2024-07-31,2,31,7,213,0,0,22,2,3512.82
2024-08-01,3,1,8,214,0,0,23,2,3473.12
2024-08-02,4,2,8,215,0,0,24,2,3294.36
2024-08-03,5,3,8,216,1,0,25,3,4292.21
2024-08-04,6,4,8,217,1,0,26,4,4413.51
2024-08-05,0,5,8,218,0,0,27,3,3476.36
2024-08-06,1,6,8,219,0,0,28,5,4126.7
2024-08-07,2,7,8,220,0,0,29,1,2778.22
2024-08-08,3,8,8,221,0,0,30,3,3600.0
2024-08-09,4,9,8,222,0,0,31,1,3095.19
2024-08-10,5,10,8,223,1,0,32,4,5062.19
2024-08-11,6,11,8,224,1,0,33,4,5178.26
2024-08-12,0,12,8,225,0,0,34,3,3815.91
2024-08-13,1,13,8,226,0,0,35,3,3706.36
2024-08-14,2,14,8,227,0,0,36,4,2856.55
2024-08-15,3,15,8,228,0,1,37,4,6304.22
2024-08-16,4,16,8,229,0,0,38,3,3587.87
2024-08-17,5,17,8,230,1,0,39,3,3467.15
2024-08-18,6,18,8,231,1,0,40,5,5335.33
2024-08-19,0,19,8,232,0,0,41,2,3402.46
2024-08-20,1,20,8,233,0,0,42,2,3428.14
2024-08-21,2,21,8,234,0,0,43,2,3272.55
2024-08-22,3,22,8,235,0,0,44,3,3803.39
2024-08-23,4,23,8,236,0,0,45,3,3820.16
2024-08-24,5,24,8,237,1,0,46,5,5256.38
2024-08-25,6,25,8,238,1,0,47,2,4051.22
2024-08-26,0,26,8,239,0,0,48,3,3546.34
2024-08-27,1,27,8,240,0,0,49,3,3383.97
2024-08-28,2,28,8,241,0,0,50,3,4341.33
2024-08-29,3,29,8,242,0,0,51,4,3651.34
2024-08-30,4,30,8,243,0,0,52,2,2942.87
2024-08-31,5,31,8,244,1,0,53,3,5358.32
2024-09-01,6,1,9,245,1,0,54,3,4278.83
2024-09-02,0,2,9,246,0,0,55,2,3588.28
2024-09-03,1,3,9,247,0,0,56,3,4364.2
2024-09-04,2,4,9,248,0,0,57,2,3189.83
2024-09-05,3,5,9,249,0,0,58,3,3931.05
2024-09-06,4,6,9,250,0,0,59,2,3777.0
2024-09-07,5,7,9,251,1,1,60,10,12284.24
2024-09-08,6,8,9,252,1,0,61,4,5367.72
2024-09-09,0,9,9,253,0,0,62,2,3894.5
2024-09-10,1,10,9,254,0,0,63,4,3419.87
2024-09-11,2,11,9,255,0,0,64,2,4156.5
2024-09-12,3,12,9,256,0,0,65,2,3684.67
2024-09-13,4,13,9,257,0,0,66,3,3343.76
2024-09-14,5,14,9,258,1,0,67,5,5405.29
2024-09-15,6,15,9,259,1,0,68,4,4696.38
2024-09-16,0,16,9,260,0,0,69,3,3464.19
2024-09-17,1,17,9,261,0,0,70,1,4095.49
2024-09-18,2,18,9,262,0,0,71,1,3880.46
2024-09-19,3,19,9,263,0,0,72,2,4035.91
2024-09-20,4,20,9,264,0,0,73,3,3157.28
2024-09-21,5,21,9,265,1,0,74,3,5031.21
2024-09-22,6,22,9,266,1,0,75,3,4247.36
2024-09-23,0,23,9,267,0,0,76,1,3164.84
2024-09-24,1,24,9,268,0,0,77,2,3641.07
2024-09-25,2,25,9,269,0,0,78,4,3754.62
2024-09-26,3,26,9,270,0,0,79,3,3549.25
2024-09-27,4,27,9,271,0,0,80,2,4332.18
2024-09-28,5,28,9,272,1,0,81,5,5449.27
2024-09-29,6,29,9,273,1,0,82,5,5288.61
2024-09-30,0,30,9,274,0,0,83,2,3712.99
2024-10-01,1,1,10,275,0,0,84,4,4009.96
2024-10-02,2,2,10,276,0,0,85,3,4017.05
2024-10-03,3,3,10,277,0,0,86,3,3361.02
2024-10-04,4,4,10,278,0,0,87,4,3964.98
2024-10-05,5,5,10,279,1,0,88,4,4686.07
2024-10-06,6,6,10,280,1,0,89,4,4259.9
2024-10-07,0,7,10,281,0,0,90,3,3349.79
2024-10-08,1,8,10,282,0,0,91,3,3220.33
2024-10-09,2,9,10,283,0,0,92,2,3759.95
2024-10-10,3,10,10,284,0,0,93,2,3899.26
2024-10-11,4,11,10,285,0,0,94,3,3925.42
2024-10-12,5,12,10,286,1,1,95,6,8990.75
2024-10-13,6,13,10,287,1,0,96,5,4730.22
2024-10-14,0,14,10,288,0,0,97,5,3997.03
2024-10-15,1,15,10,289,0,0,98,3,4279.18
2024-10-16,2,16,10,290,0,0,99,2,3608.19
2024-10-17,3,17,10,291,0,0,100,1,3435.9
2024-10-18,4,18,10,292,0,0,101,1,3683.7
2024-10-19,5,19,10,293,1,0,102,6,4971.53
2024-10-20,6,20,10,294,1,0,103,4,4742.53
2024-10-21,0,21,10,295,0,0,104,3,4044.18
2024-10-22,1,22,10,296,0,0,105,3,3823.3
2024-10-23,2,23,10,297,0,0,106,2,3635.19
2024-10-24,3,24,10,298,0,1,107,5,8896.7
2024-10-25,4,25,10,299,0,0,108,2,4098.48
2024-10-26,5,26,10,300,1,0,109,4,5539.6
2024-10-27,6,27,10,301,1,0,110,4,4439.65
2024-10-28,0,28,10,302,0,0,111,3,4107.47
2024-10-29,1,29,10,303,0,0,112,1,4037.73
2024-10-30,2,30,10,304,0,0,113,4,3275.97
2024-10-31,3,31,10,305,0,0,114,1,3698.08
2024-11-01,4,1,11,306,0,1,115,5,7757.6
2024-11-02,5,2,11,307,1,0,116,3,5044.53
2024-11-03,6,3,11,308,1,0,117,4,5233.52
2024-11-04,0,4,11,309,0,0,118,4,4336.57
2024-11-05,1,5,11,310,0,0,119,4,4001.75
2024-11-06,2,6,11,311,0,0,120,2,3686.78
2024-11-07,3,7,11,312,0,0,121,3,4309.49
2024-11-08,4,8,11,313,0,0,122,2,3908.7
2024-11-09,5,9,11,314,1,0,123,5,4895.59
2024-11-10,6,10,11,315,1,0,124,5,5745.91
2024-11-11,0,11,11,316,0,0,125,4,4192.85
2024-11-12,1,12,11,317,0,1,126,6,8681.82
2024-11-13,2,13,11,318,0,0,127,3,4378.14
2024-11-14,3,14,11,319,0,0,128,2,4060.9
2024-11-15,4,15,11,320,0,0,129,3,3667.83
2024-11-16,5,16,11,321,1,0,130,4,4888.38
2024-11-17,6,17,11,322,1,0,131,4,4612.0
2024-11-18,0,18,11,323,0,0,132,1,4012.19
2024-11-19,1,19,11,324,0,0,133,3,3795.87
2024-11-20,2,20,11,325,0,0,134,3,4153.16
2024-11-21,3,21,11,326,0,0,135,3,4264.33
2024-11-22,4,22,11,327,0,0,136,3,4011.14
2024-11-23,5,23,11,328,1,0,137,4,5926.39
2024-11-24,6,24,11,329,1,0,138,3,5174.94
2024-11-25,0,25,11,330,0,0,139,4,3907.27
2024-11-26,1,26,11,331,0,0,140,2,4285.9
2024-11-27,2,27,11,332,0,0,141,3,3821.92
2024-11-28,3,28,11,333,0,0,142,2,3708.78
2024-11-29,4,29,11,334,0,0,143,3,4641.3
2024-11-30,5,30,11,335,1,0,144,6,6068.94
2024-12-01,6,1,12,336,1,0,145,3,5149.7
2024-12-02,0,2,12,337,0,0,146,2,4015.39
2024-12-03,1,3,12,338,0,0,147,3,4192.55
2024-12-04,2,4,12,339,0,0,148,5,4305.35
2024-12-05,3,5,12,340,0,0,149,4,4509.5
2024-12-06,4,6,12,341,0,0,150,3,3359.8
2024-12-07,5,7,12,342,1,0,151,2,6639.44
2024-12-08,6,8,12,343,1,0,152,4,6073.69
2024-12-09,0,9,12,344,0,0,153,4,3863.62
2024-12-10,1,10,12,345,0,0,154,4,4960.34
2024-12-11,2,11,12,346,0,0,155,2,4092.08
2024-12-12,3,12,12,347,0,0,156,4,4325.31
2024-12-13,4,13,12,348,0,0,157,3,4111.97
2024-12-14,5,14,12,349,1,0,158,7,7428.44
2024-12-15,6,15,12,350,1,0,159,3,6480.96
2024-12-16,0,16,12,351,0,0,160,3,4014.13
2024-12-17,1,17,12,352,0,0,161,5,3899.9
2024-12-18,2,18,12,353,0,0,162,3,4961.19
2024-12-19,3,19,12,354,0,0,163,4,5140.45
2024-12-20,4,20,12,355,0,0,164,4,5509.85
2024-12-21,5,21,12,356,1,0,165,6,6269.35
2024-12-22,6,22,12,357,1,0,166,6,6707.1
2024-12-23,0,23,12,358,0,0,167,4,4357.46
2024-12-24,1,24,12,359,0,0,168,3,4072.42
2024-12-25,2,25,12,360,0,1,169,5,8701.8
2024-12-26,3,26,12,361,0,0,170,5,4485.96
2024-12-27,4,27,12,362,0,0,171,4,4892.64
2024-12-28,5,28,12,363,1,0,172,5,7124.69
2024-12-29,6,29,12,364,1,0,173,2,4917.92
2024-12-30,0,30,12,365,0,0,174,4,3987.87
2024-12-31,1,31,12,366,0,1,175,7,9347.13
2025-01-01,2,1,1,1,0,0,176,3,5287.05
2025-01-02,3,2,1,2,0,0,177,4,4772.32
2025-01-03,4,3,1,3,0,0,178,4,4175.83
2025-01-04,5,4,1,4,1,0,179,4,6010.12
2025-01-05,6,5,1,5,1,0,180,6,7518.93
2025-01-06,0,6,1,6,0,0,181,5,5040.12
2025-01-07,1,7,1,7,0,0,182,4,4326.93
2025-01-08,2,8,1,8,0,0,183,3,4409.66
2025-01-09,3,9,1,9,0,0,184,3,4530.68
2025-01-10,4,10,1,10,0,0,185,4,5056.15
2025-01-11,5,11,1,11,1,0,186,5,6016.23
2025-01-12,6,12,1,12,1,0,187,4,6172.13
2025-01-13,0,13,1,13,0,0,188,4,4738.89
2025-01-14,1,14,1,14,0,1,189,8,10812.82
2025-01-15,2,15,1,15,0,1,190,8,11323.41
2025-01-16,3,16,1,16,0,0,191,2,4447.81
2025-01-17,4,17,1,17,0,0,192,4,5243.39
2025-01-18,5,18,1,18,1,0,193,6,6600.7
2025-01-19,6,19,1,19,1,0,194,3,6174.25
2025-01-20,0,20,1,20,0,0,195,4,4850.75
2025-01-21,1,21,1,21,0,0,196,5,4704.41
2025-01-22,2,22,1,22,0,0,197,4,3640.91
2025-01-23,3,23,1,23,0,0,198,4,5244.24
2025-01-24,4,24,1,24,0,0,199,4,3247.98
2025-01-25,5,25,1,25,1,0,200,4,5921.31
2025-01-26,6,26,1,26,1,0,201,5,6504.55
2025-01-27,0,27,1,27,0,0,202,5,5230.0
2025-01-28,1,28,1,28,0,0,203,4,5331.65
2025-01-29,2,29,1,29,0,0,204,3,5148.79
2025-01-30,3,30,1,30,0,0,205,4,4584.55
2025-01-31,4,31,1,31,0,0,206,5,5386.48
2025-02-01,5,1,2,32,1,0,207,6,6382.03
2025-02-02,6,2,2,33,1,0,208,6,5962.77
2025-02-03,0,3,2,34,0,0,209,5,4879.71
2025-02-04,1,4,2,35,0,0,210,5,4259.27
2025-02-05,2,5,2,36,0,0,211,3,4854.57
2025-02-06,3,6,2,37,0,0,212,3,5147.96
2025-02-07,4,7,2,38,0,0,213,3,5025.79
2025-02-08,5,8,2,39,1,0,214,5,6371.1
2025-02-09,6,9,2,40,1,0,215,4,6249.21
2025-02-10,0,10,2,41,0,0,216,3,4400.07
2025-02-11,1,11,2,42,0,0,217,3,5783.16
2025-02-12,2,12,2,43,0,0,218,4,4749.88
2025-02-13,3,13,2,44,0,0,219,6,4946.46
2025-02-14,4,14,2,45,0,0,220,4,5065.24
2025-02-15,5,15,2,46,1,0,221,7,7624.56
2025-02-16,6,16,2,47,1,0,222,5,7145.75
2025-02-17,0,17,2,48,0,0,223,5,6233.32
2025-02-18,1,18,2,49,0,0,224,3,4966.0
2025-02-19,2,19,2,50,0,0,225,4,4307.66
2025-02-20,3,20,2,51,0,0,226,3,3992.7
2025-02-21,4,21,2,52,0,0,227,6,5121.77
2025-02-22,5,22,2,53,1,0,228,3,5777.98
2025-02-23,6,23,2,54,1,0,229,5,6991.57
2025-02-24,0,24,2,55,0,0,230,4,4971.81
2025-02-25,1,25,2,56,0,0,231,4,4607.33
2025-02-26,2,26,2,57,0,0,232,3,4055.39
2025-02-27,3,27,2,58,0,0,233,5,4973.83
2025-02-28,4,28,2,59,0,0,234,4,6231.93
2025-03-01,5,1,3,60,1,0,235,6,8167.09
2025-03-02,6,2,3,61,1,0,236,7,6488.86
2025-03-03,0,3,3,62,0,0,237,4,5607.52
2025-03-04,1,4,3,63,0,0,238,5,5706.02
2025-03-05,2,5,3,64,0,0,239,3,5311.1
2025-03-06,3,6,3,65,0,0,240,5,5212.01
2025-03-07,4,7,3,66,0,0,241,5,5299.7
2025-03-08,5,8,3,67,1,1,242,12,16573.2
2025-03-09,6,9,3,68,1,0,243,5,6307.57
2025-03-10,0,10,3,69,0,0,244,4,5107.79
2025-03-11,1,11,3,70,0,0,245,3,5010.59
2025-03-12,2,12,3,71,0,0,246,5,5975.24
2025-03-13,3,13,3,72,0,0,247,4,5033.04
2025-03-14,4,14,3,73,0,0,248,5,6168.25
2025-03-15,5,15,3,74,1,0,249,5,7762.14
2025-03-16,6,16,3,75,1,0,250,8,8090.07
2025-03-17,0,17,3,76,0,0,251,3,5010.85
2025-03-18,1,18,3,77,0,0,252,5,5543.68
2025-03-19,2,19,3,78,0,0,253,3,5404.51
2025-03-20,3,20,3,79,0,0,254,5,5401.18
2025-03-21,4,21,3,80,0,0,255,5,5243.89
2025-03-22,5,22,3,81,1,0,256,6,8247.74
2025-03-23,6,23,3,82,1,0,257,6,7374.09
2025-03-24,0,24,3,83,0,0,258,3,5013.5
2025-03-25,1,25,3,84,0,0,259,4,5341.68
2025-03-26,2,26,3,85,0,0,260,6,5051.59
2025-03-27,3,27,3,86,0,0,261,5,6691.58
2025-03-28,4,28,3,87,0,0,262,4,5552.44
2025-03-29,5,29,3,88,1,0,263,7,8256.65
2025-03-30,6,30,3,89,1,0,264,5,6116.77
2025-03-31,0,31,3,90,0,0,265,5,4793.49
2025-04-01,1,1,4,91,0,0,266,3,5760.61
2025-04-02,2,2,4,92,0,0,267,4,5387.85
2025-04-03,3,3,4,93,0,0,268,5,5814.36
2025-04-04,4,4,4,94,0,0,269,6,4892.6
2025-04-05,5,5,4,95,1,0,270,6,8664.22
2025-04-06,6,6,4,96,1,0,271,7,7523.3
2025-04-07,0,7,4,97,0,0,272,4,6217.27
2025-04-08,1,8,4,98,0,0,273,7,5987.87
2025-04-09,2,9,4,99,0,0,274,4,5597.12
2025-04-10,3,10,4,100,0,0,275,4,5636.09
2025-04-11,4,11,4,101,0,0,276,4,5251.32
2025-04-12,5,12,4,102,1,0,277,4,6544.7
2025-04-13,6,13,4,103,1,0,278,4,8052.36
2025-04-14,0,14,4,104,0,1,279,8,13301.12
2025-04-15,1,15,4,105,0,0,280,3,4585.61
2025-04-16,2,16,4,106,0,0,281,6,5705.26
2025-04-17,3,17,4,107,0,0,282,4,5578.31
2025-04-18,4,18,4,108,0,0,283,4,5867.78
2025-04-19,5,19,4,109,1,0,284,4,7591.6
2025-04-20,6,20,4,110,1,0,285,6,7548.45
2025-04-21,0,21,4,111,0,0,286,4,5099.02
2025-04-22,1,22,4,112,0,0,287,5,5632.03
2025-04-23,2,23,4,113,0,0,288,3,4653.04
2025-04-24,3,24,4,114,0,0,289,5,5120.46
2025-04-25,4,25,4,115,0,0,290,5,5957.98
2025-04-26,5,26,4,116,1,0,291,6,6950.85
2025-04-27,6,27,4,117,1,0,292,3,6330.86
2025-04-28,0,28,4,118,0,0,293,4,4828.47
2025-04-29,1,29,4,119,0,0,294,1,5905.85
2025-04-30,2,30,4,120,0,0,295,5,6261.28
2025-05-01,3,1,5,121,0,0,296,4,4660.61
2025-05-02,4,2,5,122,0,0,297,5,6127.78
2025-05-03,5,3,5,123,1,0,298,5,8272.76
2025-05-04,6,4,5,124,1,0,299,4,7140.74
2025-05-05,0,5,5,125,0,0,300,5,6461.55
2025-05-06,1,6,5,126,0,0,301,5,7079.66
2025-05-07,2,7,5,127,0,0,302,4,5107.82
2025-05-08,3,8,5,128,0,0,303,4,6261.34
2025-05-09,4,9,5,129,0,0,304,4,5567.05
2025-05-10,5,10,5,130,1,0,305,5,7446.49
2025-05-11,6,11,5,131,1,0,306,5,7309.26
2025-05-12,0,12,5,132,0,0,307,5,5480.72
2025-05-13,1,13,5,133,0,0,308,4,6444.73
2025-05-14,2,14,5,134,0,0,309,3,5260.19
2025-05-15,3,15,5,135,0,0,310,4,5571.84
2025-05-16,4,16,5,136,0,0,311,5,5595.07
2025-05-17,5,17,5,137,1,0,312,5,5507.61
2025-05-18,6,18,5,138,1,0,313,6,7022.29
2025-05-19,0,19,5,139,0,0,314,5,4958.38
2025-05-20,1,20,5,140,0,0,315,5,5937.41
2025-05-21,2,21,5,141,0,0,316,4,5865.32
2025-05-22,3,22,5,142,0,0,317,5,5091.5
2025-05-23,4,23,5,143,0,0,318,5,5005.03
2025-05-24,5,24,5,144,1,0,319,6,7073.04
2025-05-25,6,25,5,145,1,0,320,6,8832.78
2025-05-26,0,26,5,146,0,0,321,5,5437.71
2025-05-27,1,27,5,147,0,0,322,4,5906.47
2025-05-28,2,28,5,148,0,0,323,4,5107.77
2025-05-29,3,29,5,149,0,0,324,4,6157.39
2025-05-30,4,30,5,150,0,0,325,4,5413.01
2025-05-31,5,31,5,151,1,0,326,6,7751.37
2025-06-01,6,1,6,152,1,0,327,4,6504.45
2025-06-02,0,2,6,153,0,0,328,2,4278.78
2025-06-03,1,3,6,154,0,0,329,6,5763.37
2025-06-04,2,4,6,155,0,0,330,5,5696.73
2025-06-05,3,5,6,156,0,0,331,5,5255.58
2025-06-06,4,6,6,157,0,0,332,6,5466.64
2025-06-07,5,7,6,158,1,0,333,7,7092.52
2025-06-08,6,8,6,159,1,0,334,7,7776.48
2025-06-09,0,9,6,160,0,0,335,4,4224.77
2025-06-10,1,10,6,161,0,0,336,3,5212.4
2025-06-11,2,11,6,162,0,0,337,3,4489.17
2025-06-12,3,12,6,163,0,0,338,3,5279.4
2025-06-13,4,13,6,164,0,0,339,4,4478.77
2025-06-14,5,14,6,165,1,0,340,6,7695.67
2025-06-15,6,15,6,166,1,0,341,6,7879.28
2025-06-16,0,16,6,167,0,0,342,3,5196.38
2025-06-17,1,17,6,168,0,0,343,5,4401.62
2025-06-18,2,18,6,169,0,0,344,3,5794.77
2025-06-19,3,19,6,170,0,0,345,4,5277.19
2025-06-20,4,20,6,171,0,0,346,3,5044.52
2025-06-21,5,21,6,172,1,0,347,6,7255.32
2025-06-22,6,22,6,173,1,0,348,5,7256.39
2025-06-23,0,23,6,174,0,0,349,5,5076.29
2025-06-24,1,24,6,175,0,0,350,4,5386.09
2025-06-25,2,25,6,176,0,0,351,4,5119.19
2025-06-26,3,26,6,177,0,0,352,4,4887.54
2025-06-27,4,27,6,178,0,0,353,3,4567.13
2025-06-28,5,28,6,179,1,0,354,4,7316.81
2025-06-29,6,29,6,180,1,0,355,4,5799.35
2025-06-30,0,30,6,181,0,0,356,2,4224.53
2025-07-01,1,1,7,182,0,0,357,4,5461.71
2025-07-02,2,2,7,183,0,0,358,3,5718.86
2025-07-03,3,3,7,184,0,0,359,4,5009.82
2025-07-04,4,4,7,185,0,0,360,4,4456.43
2025-07-05,5,5,7,186,1,0,361,4,7147.34
2025-07-06,6,6,7,187,1,0,362,5,6760.79
2025-07-07,0,7,7,188,0,0,363,2,4720.81
2025-07-08,1,8,7,189,0,0,364,6,5146.13
2025-07-09,2,9,7,190,0,0,365,5,4803.24
2025-07-10,3,10,7,191,0,0,366,4,4611.38
2025-07-11,4,11,7,192,0,0,367,4,5360.37
2025-07-12,5,12,7,193,1,0,368,6,6504.98
2025-07-13,6,13,7,194,1,0,369,6,7956.64
2025-07-14,0,14,7,195,0,0,370,3,4691.08
2025-07-15,1,15,7,196,0,0,371,5,6180.19
2025-07-16,2,16,7,197,0,0,372,2,4633.6
2025-07-17,3,17,7,198,0,0,373,3,4018.83
2025-07-18,4,18,7,199,0,0,374,4,5227.91
2025-07-19,5,19,7,200,1,0,375,4,6600.92
2025-07-20,6,20,7,201,1,0,376,5,6685.37
2025-07-21,0,21,7,202,0,0,377,5,4616.45
2025-07-22,1,22,7,203,0,0,378,4,4460.35
2025-07-23,2,23,7,204,0,0,379,4,5270.42
2025-07-24,3,24,7,205,0,0,380,2,4757.4
2025-07-25,4,25,7,206,0,0,381,4,5496.23
2025-07-26,5,26,7,207,1,0,382,6,6870.91
2025-07-27,6,27,7,208,1,0,383,4,6099.12
2025-07-28,0,28,7,209,0,0,384,3,5453.66
2025-07-29,1,29,7,210,0,0,385,4,5824.4
2025-07-30,2,30,7,211,0,0,386,3,4228.07
2025-07-31,3,31,7,212,0,0,387,2,5841.15
2025-08-01,4,1,8,213,0,0,388,4,4708.39
2025-08-02,5,2,8,214,1,0,389,5,6457.14
2025-08-03,6,3,8,215,1,0,390,4,5962.61
2025-08-04,0,4,8,216,0,0,391,2,4679.42
2025-08-05,1,5,8,217,0,0,392,3,4720.35
2025-08-06,2,6,8,218,0,0,393,4,4510.78
2025-08-07,3,7,8,219,0,0,394,3,3864.83
2025-08-08,4,8,8,220,0,0,395,3,5810.2
2025-08-09,5,9,8,221,1,0,396,5,7174.64
2025-08-10,6,10,8,222,1,0,397,3,5964.22
2025-08-11,0,11,8,223,0,0,398,5,4759.34
2025-08-12,1,12,8,224,0,0,399,3,4503.88
2025-08-13,2,13,8,225,0,0,400,4,5151.65
2025-08-14,3,14,8,226,0,0,401,3,3937.17
2025-08-15,4,15,8,227,0,1,402,9,11814.04
2025-08-16,5,16,8,228,1,0,403,4,4564.07
2025-08-17,6,17,8,229,1,0,404,3,6154.14
2025-08-18,0,18,8,230,0,0,405,4,3864.43
2025-08-19,1,19,8,231,0,0,406,2,4298.18
2025-08-20,2,20,8,232,0,0,407,3,4615.04
2025-08-21,3,21,8,233,0,0,408,3,4671.69
2025-08-22,4,22,8,234,0,0,409,3,4065.12
2025-08-23,5,23,8,235,1,0,410,5,6504.2
2025-08-24,6,24,8,236,1,0,411,7,6169.87
2025-08-25,0,25,8,237,0,0,412,5,4939.06
2025-08-26,1,26,8,238,0,0,413,4,4521.02
2025-08-27,2,27,8,239,0,0,414,4,4394.27
2025-08-28,3,28,8,240,0,0,415,4,4536.69
2025-08-29,4,29,8,241,0,0,416,3,4656.22
2025-08-30,5,30,8,242,1,0,417,5,7996.35
2025-08-31,6,31,8,243,1,0,418,5,5757.35
2025-09-01,0,1,9,244,0,0,419,3,4297.65
2025-09-02,1,2,9,245,0,0,420,4,4069.65
2025-09-03,2,3,9,246,0,0,421,3,4791.96
2025-09-04,3,4,9,247,0,0,422,2,4884.22
2025-09-05,4,5,9,248,0,0,423,3,4233.06
2025-09-06,5,6,9,249,1,0,424,2,5424.68
2025-09-07,6,7,9,250,1,1,425,11,13094.44
2025-09-08,0,8,9,251,0,0,426,3,5129.12
2025-09-09,1,9,9,252,0,0,427,4,4876.88
2025-09-10,2,10,9,253,0,0,428,3,5094.85
2025-09-11,3,11,9,254,0,0,429,3,3722.94
2025-09-12,4,12,9,255,0,0,430,2,4077.47
2025-09-13,5,13,9,256,1,0,431,4,5938.92
2025-09-14,6,14,9,257,1,0,432,5,6208.09
2025-09-15,0,15,9,258,0,0,433,4,4366.48
2025-09-16,1,16,9,259,0,0,434,4,4538.91
2025-09-17,2,17,9,260,0,0,435,3,4445.98
2025-09-18,3,18,9,261,0,0,436,3,4361.26
2025-09-19,4,19,9,262,0,0,437,2,4175.62
2025-09-20,5,20,9,263,1,0,438,4,6590.66
2025-09-21,6,21,9,264,1,0,439,5,5921.2
2025-09-22,0,22,9,265,0,0,440,4,4371.23
2025-09-23,1,23,9,266,0,0,441,2,4263.8
2025-09-24,2,24,9,267,0,0,442,4,3809.63
2025-09-25,3,25,9,268,0,0,443,4,4018.15
2025-09-26,4,26,9,269,0,0,444,4,4081.41
2025-09-27,5,27,9,270,1,0,445,4,7475.63
2025-09-28,6,28,9,271,1,0,446,5,5461.98
2025-09-29,0,29,9,272,0,0,447,4,4773.15
2025-09-30,1,30,9,273,0,0,448,5,4281.84
2025-10-01,2,1,10,274,0,0,449,2,4598.61
2025-10-02,3,2,10,275,0,0,450,2,4432.56
2025-10-03,4,3,10,276,0,0,451,3,5274.63
2025-10-04,5,4,10,277,1,0,452,4,6450.47
2025-10-05,6,5,10,278,1,0,453,2,5773.75
2025-10-06,0,6,10,279,0,0,454,5,4833.81
2025-10-07,1,7,10,280,0,0,455,2,4146.77
2025-10-08,2,8,10,281,0,0,456,2,4936.1
2025-10-09,3,9,10,282,0,0,457,3,5131.21
2025-10-10,4,10,10,283,0,0,458,3,4073.0
2025-10-11,5,11,10,284,1,0,459,3,5544.71
2025-10-12,6,12,10,285,1,1,460,8,14108.97
2025-10-13,0,13,10,286,0,0,461,4,5347.87
2025-10-14,1,14,10,287,0,0,462,2,4004.39
2025-10-15,2,15,10,288,0,0,463,4,5061.49
2025-10-16,3,16,10,289,0,0,464,3,5250.34
2025-10-17,4,17,10,290,0,0,465,4,4754.14
2025-10-18,5,18,10,291,1,0,466,6,6676.03
2025-10-19,6,19,10,292,1,0,467,4,5802.8
2025-10-20,0,20,10,293,0,0,468,3,4354.54
2025-10-21,1,21,10,294,0,0,469,2,4969.13
2025-10-22,2,22,10,295,0,0,470,3,5168.29
2025-10-23,3,23,10,296,0,0,471,5,4516.65
2025-10-24,4,24,10,297,0,1,472,8,10606.01
2025-10-25,5,25,10,298,1,0,473,3,5567.26
2025-10-26,6,26,10,299,1,0,474,5,6919.08
2025-10-27,0,27,10,300,0,0,475,4,4460.67
2025-10-28,1,28,10,301,0,0,476,3,4208.11
2025-10-29,2,29,10,302,0,0,477,4,4731.01
2025-10-30,3,30,10,303,0,0,478,3,4475.36
2025-10-31,4,31,10,304,0,0,479,4,4219.53
2025-11-01,5,1,11,305,1,1,480,11,13135.11
2025-11-02,6,2,11,306,1,0,481,4,6267.4
2025-11-03,0,3,11,307,0,0,482,3,4646.12
2025-11-04,1,4,11,308,0,0,483,4,5250.95
2025-11-05,2,5,11,309,0,0,484,5,4648.16
2025-11-06,3,6,11,310,0,0,485,5,5034.47
2025-11-07,4,7,11,311,0,0,486,3,5406.51
2025-11-08,5,8,11,312,1,0,487,7,7140.92
2025-11-09,6,9,11,313,1,0,488,7,7511.36
2025-11-10,0,10,11,314,0,0,489,4,5303.94
2025-11-11,1,11,11,315,0,0,490,3,4441.86
2025-11-12,2,12,11,316,0,1,491,8,8911.59
2025-11-13,3,13,11,317,0,0,492,5,4733.91
2025-11-14,4,14,11,318,0,0,493,4,4282.78
2025-11-15,5,15,11,319,1,0,494,3,6283.54
2025-11-16,6,16,11,320,1,0,495,7,7706.28
2025-11-17,0,17,11,321,0,0,496,4,5026.67
2025-11-18,1,18,11,322,0,0,497,4,5152.41
2025-11-19,2,19,11,323,0,0,498,3,4556.67
2025-11-20,3,20,11,324,0,0,499,7,5935.11
2025-11-21,4,21,11,325,0,0,500,5,5753.32
2025-11-22,5,22,11,326,1,0,501,4,6508.36
2025-11-23,6,23,11,327,1,0,502,4,6260.04
2025-11-24,0,24,11,328,0,0,503,6,6096.9
2025-11-25,1,25,11,329,0,0,504,3,5407.31
2025-11-26,2,26,11,330,0,0,505,4,5496.85
2025-11-27,3,27,11,331,0,0,506,3,3971.17
2025-11-28,4,28,11,332,0,0,507,3,4648.14
2025-11-29,5,29,11,333,1,0,508,5,6699.82
2025-11-30,6,30,11,334,1,0,509,5,6868.53
2025-12-01,0,1,12,335,0,0,510,5,4159.92
2025-12-02,1,2,12,336,0,0,511,3,4630.64
2025-12-03,2,3,12,337,0,0,512,4,4981.83
2025-12-04,3,4,12,338,0,0,513,5,5920.38
2025-12-05,4,5,12,339,0,0,514,4,5475.79
2025-12-06,5,6,12,340,1,0,515,6,7179.72
2025-12-07,6,7,12,341,1,0,516,4,5678.34
2025-12-08,0,8,12,342,0,0,517,8,5837.73
2025-12-09,1,9,12,343,0,0,518,4,4614.2
2025-12-10,2,10,12,344,0,0,519,6,4961.7
2025-12-11,3,11,12,345,0,0,520,4,4563.91
2025-12-12,4,12,12,346,0,0,521,3,4549.81
2025-12-13,5,13,12,347,1,0,522,6,7145.81
2025-12-14,6,14,12,348,1,0,523,5,6418.03
2025-12-15,0,15,12,349,0,0,524,4,5354.73
2025-12-16,1,16,12,350,0,0,525,3,5875.27
2025-12-17,2,17,12,351,0,0,526,4,5814.26
2025-12-18,3,18,12,352,0,0,527,5,5986.47
2025-12-19,4,19,12,353,0,0,528,3,5298.8
2025-12-20,5,20,12,354,1,0,529,7,7932.93
2025-12-21,6,21,12,355,1,0,530,4,6960.82
2025-12-22,0,22,12,356,0,0,531,3,5842.83
2025-12-23,1,23,12,357,0,0,532,3,4765.25
2025-12-24,2,24,12,358,0,0,533,3,5269.63
2025-12-25,3,25,12,359,0,1,534,6,9781.3
2025-12-26,4,26,12,360,0,0,535,3,5888.19
2025-12-27,5,27,12,361,1,0,536,7,7237.71
2025-12-28,6,28,12,362,1,0,537,6,7479.24
2025-12-29,0,29,12,363,0,0,538,6,5056.65
2025-12-30,1,30,12,364,0,0,539,4,5299.24
2025-12-31,2,31,12,365,0,1,540,10,13992.41
2026-01-01,3,1,1,1,0,0,541,4,5664.52
2026-01-02,4,2,1,2,0,0,542,4,5499.63
2026-01-03,5,3,1,3,1,0,543,5,8081.43
2026-01-04,6,4,1,4,1,0,544,5,7093.19
2026-01-05,0,5,1,5,0,0,545,2,4907.87
2026-01-06,1,6,1,6,0,0,546,5,5895.33
2026-01-07,2,7,1,7,0,0,547,2,6242.93
2026-01-08,3,8,1,8,0,0,548,3,5619.06
2026-01-09,4,9,1,9,0,0,549,4,5860.75
2026-01-10,5,10,1,10,1,0,550,6,8286.56
2026-01-11,6,11,1,11,1,0,551,4,6359.22
2026-01-12,0,12,1,12,0,0,552,4,5833.38
2026-01-13,1,13,1,13,0,0,553,2,5025.43
2026-01-14,2,14,1,14,0,1,554,8,12974.92
2026-01-15,3,15,1,15,0,1,555,8,10781.1
2026-01-16,4,16,1,16,0,0,556,3,5611.07
2026-01-17,5,17,1,17,1,0,557,6,7425.05
2026-01-18,6,18,1,18,1,0,558,6,7433.38
2026-01-19,0,19,1,19,0,0,559,4,5724.18
2026-01-20,1,20,1,20,0,0,560,6,6491.64
2026-01-21,2,21,1,21,0,0,561,6,6755.42
2026-01-22,3,22,1,22,0,0,562,4,6144.5
2026-01-23,4,23,1,23,0,0,563,3,5784.75
2026-01-24,5,24,1,24,1,0,564,7,8150.66
2026-01-25,6,25,1,25,1,0,565,6,7576.55
2026-01-26,0,26,1,26,0,0,566,4,5656.88
2026-01-27,1,27,1,27,0,0,567,4,5750.04
2026-01-28,2,28,1,28,0,0,568,5,5685.79
2026-01-29,3,29,1,29,0,0,569,4,6057.64
2026-01-30,4,30,1,30,0,0,570,4,6293.24
2026-01-31,5,31,1,31,1,0,571,6,9236.15
2026-02-01,6,1,2,32,1,0,572,5,8166.84
2026-02-02,0,2,2,33,0,0,573,3,5966.14
2026-02-03,1,3,2,34,0,0,574,6,6658.58
2026-02-04,2,4,2,35,0,0,575,5,6698.75
2026-02-05,3,5,2,36,0,0,576,3,5679.13
2026-02-06,4,6,2,37,0,0,577,7,7197.43
2026-02-07,5,7,2,38,1,0,578,6,8550.95
2026-02-08,6,8,2,39,1,0,579,7,9626.5
2026-02-09,0,9,2,40,0,0,580,6,6430.99
2026-02-10,1,10,2,41,0,0,581,5,5774.72
2026-02-11,2,11,2,42,0,0,582,5,6645.06
2026-02-12,3,12,2,43,0,0,583,4,5701.7
2026-02-13,4,13,2,44,0,0,584,3,6528.44
2026-02-14,5,14,2,45,1,0,585,7,8696.63
2026-02-15,6,15,2,46,1,0,586,6,9450.68
2026-02-16,0,16,2,47,0,0,587,7,7226.94
2026-02-17,1,17,2,48,0,0,588,4,6662.33
2026-02-18,2,18,2,49,0,0,589,5,6202.75
2026-02-19,3,19,2,50,0,0,590,5,6600.12
2026-02-20,4,20,2,51,0,0,591,5,6620.32
2026-02-21,5,21,2,52,1,0,592,6,8941.18
2026-02-22,6,22,2,53,1,0,593,6,8432.11
2026-02-23,0,23,2,54,0,0,594,7,7718.83
2026-02-24,1,24,2,55,0,0,595,6,6849.56
2026-02-25,2,25,2,56,0,0,596,5,7020.3
2026-02-26,3,26,2,57,0,0,597,4,5532.42
2026-02-27,4,27,2,58,0,0,598,4,6305.98
2026-02-28,5,28,2,59,1,0,599,6,7512.22
2026-03-01,6,1,3,60,1,0,600,6,9125.44
2026-03-02,0,2,3,61,0,0,601,6,6068.92
2026-03-03,1,3,3,62,0,0,602,5,5992.27
2026-03-04,2,4,3,63,0,0,603,5,6454.47
2026-03-05,3,5,3,64,0,0,604,5,6025.49
2026-03-06,4,6,3,65,0,0,605,5,6711.05
2026-03-07,5,7,3,66,1,0,606,7,8993.45
2026-03-08,6,8,3,67,1,1,607,21,23967.73
2026-03-09,0,9,3,68,0,0,608,2,6204.85
2026-03-10,1,10,3,69,0,0,609,5,7032.99
2026-03-11,2,11,3,70,0,0,610,6,7351.88
2026-03-12,3,12,3,71,0,0,611,6,6694.33
2026-03-13,4,13,3,72,0,0,612,4,7509.26
2026-03-14,5,14,3,73,1,0,613,6,8271.65
2026-03-15,6,15,3,74,1,0,614,7,9106.7
2026-03-16,0,16,3,75,0,0,615,6,6978.05
2026-03-17,1,17,3,76,0,0,616,6,7848.53
2026-03-18,2,18,3,77,0,0,617,4,6131.11
2026-03-19,3,19,3,78,0,0,618,6,6658.8
2026-03-20,4,20,3,79,0,0,619,7,6976.79
2026-03-21,5,21,3,80,1,0,620,7,8656.62
2026-03-22,6,22,3,81,1,0,621,8,11222.86
2026-03-23,0,23,3,82,0,0,622,4,6832.52
2026-03-24,1,24,3,83,0,0,623,4,6795.82
2026-03-25,2,25,3,84,0,0,624,6,7452.12
2026-03-26,3,26,3,85,0,0,625,5,6119.65
2026-03-27,4,27,3,86,0,0,626,6,6877.49
2026-03-28,5,28,3,87,1,0,627,6,8079.59
2026-03-29,6,29,3,88,1,0,628,7,9839.34
2026-03-30,0,30,3,89,0,0,629,4,5917.12
2026-03-31,1,31,3,90,0,0,630,7,7605.13
2026-04-01,2,1,4,91,0,0,631,4,6486.6
2026-04-02,3,2,4,92,0,0,632,4,6487.97
2026-04-03,4,3,4,93,0,0,633,5,7086.29
2026-04-04,5,4,4,94,1,0,634,7,8471.41
2026-04-05,6,5,4,95,1,0,635,7,9293.72
2026-04-06,0,6,4,96,0,0,636,2,5619.76
2026-04-07,1,7,4,97,0,0,637,4,5816.74
2026-04-08,2,8,4,98,0,0,638,3,7186.76
2026-04-09,3,9,4,99,0,0,639,6,7879.27
2026-04-10,4,10,4,100,0,0,640,5,7722.67
2026-04-11,5,11,4,101,1,0,641,7,9641.08
2026-04-12,6,12,4,102,1,0,642,7,9930.23
2026-04-13,0,13,4,103,0,0,643,6,7122.02
2026-04-14,1,14,4,104,0,1,644,11,13986.77
2026-04-15,2,15,4,105,0,0,645,5,5516.6
2026-04-16,3,16,4,106,0,0,646,5,8129.34
2026-04-17,4,17,4,107,0,0,647,6,6737.46
2026-04-18,5,18,4,108,1,0,648,7,9207.21
2026-04-19,6,19,4,109,1,0,649,6,8818.12
2026-04-20,0,20,4,110,0,0,650,5,6737.49
2026-04-21,1,21,4,111,0,0,651,4,5992.07
2026-04-22,2,22,4,112,0,0,652,5,7858.52
2026-04-23,3,23,4,113,0,0,653,4,5950.72
2026-04-24,4,24,4,114,0,0,654,3,6303.47
2026-04-25,5,25,4,115,1,0,655,6,9288.6
2026-04-26,6,26,4,116,1,0,656,7,8585.22
2026-04-27,0,27,4,117,0,0,657,3,5740.58
2026-04-28,1,28,4,118,0,0,658,3,7231.4
2026-04-29,2,29,4,119,0,0,659,3,6111.67
2026-04-30,3,30,4,120,0,0,660,5,6440.29
2026-05-01,4,1,5,121,0,0,661,8,6841.31
2026-05-02,5,2,5,122,1,0,662,7,10119.44
2026-05-03,6,3,5,123,1,0,663,9,8029.38
2026-05-04,0,4,5,124,0,0,664,6,7469.13
2026-05-05,1,5,5,125,0,0,665,5,6797.21
2026-05-06,2,6,5,126,0,0,666,4,5742.34
2026-05-07,3,7,5,127,0,0,667,4,6783.99
2026-05-08,4,8,5,128,0,0,668,6,6367.87
2026-05-09,5,9,5,129,1,0,669,9,8964.31
2026-05-10,6,10,5,130,1,0,670,5,7490.92
2026-05-11,0,11,5,131,0,0,671,3,5673.39
2026-05-12,1,12,5,132,0,0,672,5,6149.99
2026-05-13,2,13,5,133,0,0,673,4,6877.28
2026-05-14,3,14,5,134,0,0,674,5,5200.8
2026-05-15,4,15,5,135,0,0,675,4,6493.32
2026-05-16,5,16,5,136,1,0,676,7,9261.67
2026-05-17,6,17,5,137,1,0,677,7,8713.04
2026-05-18,0,18,5,138,0,0,678,5,5892.07
2026-05-19,1,19,5,139,0,0,679,4,5990.21
2026-05-20,2,20,5,140,0,0,680,7,7076.41
2026-05-21,3,21,5,141,0,0,681,7,7689.32
2026-05-22,4,22,5,142,0,0,682,3,6413.48
2026-05-23,5,23,5,143,1,0,683,9,10191.94
2026-05-24,6,24,5,144,1,0,684,7,8324.56
2026-05-25,0,25,5,145,0,0,685,6,6382.14
2026-05-26,1,26,5,146,0,0,686,7,6252.72
2026-05-27,2,27,5,147,0,0,687,7,7100.12
2026-05-28,3,28,5,148,0,0,688,5,6268.15
2026-05-29,4,29,5,149,0,0,689,5,5927.04
2026-05-30,5,30,5,150,1,0,690,10,9642.23
2026-05-31,6,31,5,151,1,0,691,8,9258.99
2026-06-01,0,1,6,152,0,0,692,5,6225.25
2026-06-02,1,2,6,153,0,0,693,5,6274.63
2026-06-03,2,3,6,154,0,0,694,5,6625.48
2026-06-04,3,4,6,155,0,0,695,5,6542.05
2026-06-05,4,5,6,156,0,0,696,6,6243.83
2026-06-06,5,6,6,157,1,0,697,7,8900.49
2026-06-07,6,7,6,158,1,0,698,6,7459.53
2026-06-08,0,8,6,159,0,0,699,5,6799.45
2026-06-09,1,9,6,160,0,0,700,4,7789.53
2026-06-10,2,10,6,161,0,0,701,6,6938.8
2026-06-11,3,11,6,162,0,0,702,5,6770.38
2026-06-12,4,12,6,163,0,0,703,6,6763.89
2026-06-13,5,13,6,164,1,0,704,6,8011.65
2026-06-14,6,14,6,165,1,0,705,5,8464.6
2026-06-15,0,15,6,166,0,0,706,5,6832.38
2026-06-16,1,16,6,167,0,0,707,4,5409.98
2026-06-17,2,17,6,168,0,0,708,5,5843.54
2026-06-18,3,18,6,169,0,0,709,6,6435.77
2026-06-19,4,19,6,170,0,0,710,5,5904.65
2026-06-20,5,20,6,171,1,0,711,9,10944.24
2026-06-21,6,21,6,172,1,0,712,8,9239.97
2026-06-22,0,22,6,173,0,0,713,5,5394.59
2026-06-23,1,23,6,174,0,0,714,5,6468.67
2026-06-24,2,24,6,175,0,0,715,5,5709.94
2026-06-25,3,25,6,176,0,0,716,6,5643.13
2026-06-26,4,26,6,177,0,0,717,4,6309.45
2026-06-27,5,27,6,178,1,0,718,6,7972.36
2026-06-28,6,28,6,179,1,0,719,7,10410.29
2026-06-29,0,29,6,180,0,0,720,4,6127.7
2026-06-30,1,30,6,181,0,0,721,4,6495.75
2026-07-01,2,1,7,182,0,0,722,4,5470.71
2026-07-02,3,2,7,183,0,0,723,4,5976.58
2026-07-03,4,3,7,184,0,0,724,6,5816.83
2026-07-04,5,4,7,185,1,0,725,5,8017.63
2026-07-05,6,5,7,186,1,0,726,6,7883.03
2026-07-06,0,6,7,187,0,0,727,6,5292.89
2026-07-07,1,7,7,188,0,0,728,6,6625.21
2026-07-08,2,8,7,189,0,0,729,3,6321.92
